LibraryName,TypeNodeName,FullTransform,PartialTransform,NotTransform
modConnection,CompilationUnit,0,0,1
modConnection,UsingNamespace,0,0,3
modConnection,SimpleName,0,0,18
modConnection,DotName,0,0,4
modConnection,Namespace,0,0,1
modConnection,Class,0,0,1
modConnection,Field,0,0,3
modConnection,TypeRef,0,0,10
modConnection,VarDeclarator,0,0,3
modConnection,VarInit,0,0,3
modConnection,Literal,0,0,10
modConnection,Property,0,0,3
modConnection,PropBody,0,0,3
modConnection,Get,0,0,3
modConnection,Block,0,0,12
modConnection,If,0,0,3
modConnection,Eql,0,0,3
modConnection,SingleAccess,0,0,31
modConnection,ExpressionStat,0,0,13
modConnection,Assign,0,0,10
modConnection,Call,0,0,7
modConnection,ExprMemberAccess,0,0,19
modConnection,MemberAccess,0,0,19
modConnection,ArgList,0,0,11
modConnection,Return,0,0,3
modConnection,Set,0,0,3
modConnection,NewObject,0,0,4
modConnection,Arg,0,0,10
modConnection,Method,0,0,3
modConnection,AliasTypeRef,0,0,5
modConnection,ParamList,0,0,3
modConnection,Param,0,0,2
modMain,CompilationUnit,0,0,1
modMain,UsingNamespace,0,0,2
modMain,SimpleName,0,0,14
modMain,DotName,0,0,3
modMain,Namespace,0,0,1
modMain,Class,0,0,1
modMain,Field,0,0,12
modMain,AliasTypeRef,0,0,15
modMain,VarDeclarator,0,0,14
modMain,VarInit,0,0,14
modMain,Literal,0,0,30
modMain,TypeRef,0,0,8
modMain,Call,0,0,6
modMain,ExprMemberAccess,0,0,37
modMain,SingleAccess,0,0,53
modMain,MemberAccess,0,0,37
modMain,ArgList,0,0,6
modMain,Arg,0,0,5
modMain,Method,0,0,3
modMain,AttrSection,0,0,1
modMain,Attribute,0,0,1
modMain,ParamList,0,0,3
modMain,Block,0,0,14
modMain,ExpressionStat,0,0,21
modMain,Assign,0,0,16
modMain,Param,0,0,3
modMain,DefArg,0,0,2
modMain,LocalVarStat,0,0,1
modMain,LocalVar,0,0,1
modMain,Nested,0,0,3
modMain,Cast,0,0,3
modMain,ExprElementAccess,0,0,3
modMain,IndexList,0,0,3
modMain,If,0,0,11
modMain,NotEql,0,0,3
modMain,Eql,0,0,8
modMain,Else,0,0,7
frmSplash.Designer,CompilationUnit,0,0,1
frmSplash.Designer,Namespace,0,0,1
frmSplash.Designer,SimpleName,0,0,72
frmSplash.Designer,Class,0,0,1
frmSplash.Designer,Field,0,0,7
frmSplash.Designer,PPRegion,0,0,2
frmSplash.Designer,TypeRef,0,0,26
frmSplash.Designer,VarDeclarator,0,0,9
frmSplash.Designer,AliasTypeRef,0,0,4
frmSplash.Designer,Property,0,0,1
frmSplash.Designer,PropBody,0,0,1
frmSplash.Designer,Get,0,0,1
frmSplash.Designer,Block,0,0,5
frmSplash.Designer,If,0,0,1
frmSplash.Designer,Or,0,0,1
frmSplash.Designer,Eql,0,0,1
frmSplash.Designer,SingleAccess,0,0,19
frmSplash.Designer,Literal,0,0,31
frmSplash.Designer,ExprMemberAccess,0,0,42
frmSplash.Designer,MemberAccess,0,0,82
frmSplash.Designer,ExpressionStat,0,0,39
frmSplash.Designer,Assign,0,0,36
frmSplash.Designer,Call,0,0,5
frmSplash.Designer,ArgList,0,0,19
frmSplash.Designer,Return,0,0,2
frmSplash.Designer,Set,0,0,1
frmSplash.Designer,PPEndRegion,0,0,2
frmSplash.Designer,Method,0,0,2
frmSplash.Designer,ParamList,0,0,2
frmSplash.Designer,LocalVarStat,0,0,2
frmSplash.Designer,LocalVar,0,0,2
frmSplash.Designer,VarInit,0,0,3
frmSplash.Designer,NewObject,0,0,14
frmSplash.Designer,ArrayTypeRef,0,0,2
frmSplash.Designer,RankSpecifier,0,0,2
frmSplash.Designer,NewArrayTypeArray,0,0,1
frmSplash.Designer,ArrayInitializer,0,0,1
frmSplash.Designer,DotName,0,0,45
frmSplash.Designer,AttrSection,0,0,1
frmSplash.Designer,Attribute,0,0,1
frmSplash.Designer,AttrArgList,0,0,1
frmSplash.Designer,ThisMemberAccess,0,0,40
frmSplash.Designer,This,0,0,40
frmSplash.Designer,Arg,0,0,19
frmSplash.Designer,TypeOf,0,0,1
frmSplash.Designer,Cast,0,0,1
modFunctions,CompilationUnit,0,0,1
modFunctions,UsingNamespace,0,0,8
modFunctions,DotName,0,0,10
modFunctions,SimpleName,0,0,33
modFunctions,Namespace,0,0,1
modFunctions,Class,0,0,1
modFunctions,Method,0,0,17
modFunctions,AliasTypeRef,0,0,54
modFunctions,ParamList,0,0,17
modFunctions,Param,0,0,41
modFunctions,Block,0,0,49
modFunctions,If,0,0,14
modFunctions,Not,0,0,14
modFunctions,Call,0,0,59
modFunctions,ExprMemberAccess,0,0,102
modFunctions,SingleAccess,0,0,147
modFunctions,MemberAccess,0,0,102
modFunctions,ArgList,0,0,60
modFunctions,Arg,0,0,62
modFunctions,ExpressionStat,0,0,44
modFunctions,Assign,0,0,16
modFunctions,Plus,0,0,21
modFunctions,Literal,0,0,69
modFunctions,TypeRef,0,0,14
modFunctions,LocalVarStat,0,0,9
modFunctions,LocalVar,0,0,9
modFunctions,VarDeclarator,0,0,9
modFunctions,VarInit,0,0,9
modFunctions,Return,0,0,19
modFunctions,Try,0,0,3
modFunctions,ExprElementAccess,0,0,7
modFunctions,IndexList,0,0,7
modFunctions,Catch,0,0,3
modFunctions,NotEql,0,0,1
modFunctions,Else,0,0,9
modFunctions,DefArg,0,0,15
modFunctions,While,0,0,3
modFunctions,Eql,0,0,4
modFunctions,Negate,0,0,1
modFunctions,Or,0,0,2
modFunctions,NewObject,0,0,1
frmRequestAproval,CompilationUnit,0,0,1
frmRequestAproval,UsingNamespace,0,0,5
frmRequestAproval,SimpleName,0,0,51
frmRequestAproval,DotName,0,0,11
frmRequestAproval,Namespace,0,0,1
frmRequestAproval,Class,0,0,1
frmRequestAproval,TypeBase,0,0,1
frmRequestAproval,TypeRef,0,0,34
frmRequestAproval,Field,0,0,1
frmRequestAproval,AliasTypeRef,0,0,29
frmRequestAproval,VarDeclarator,0,0,8
frmRequestAproval,VarInit,0,0,8
frmRequestAproval,Literal,0,0,70
frmRequestAproval,Constructor,0,0,1
frmRequestAproval,ParamList,0,0,20
frmRequestAproval,BaseInit,0,0,1
frmRequestAproval,ArgList,0,0,59
frmRequestAproval,Block,0,0,43
frmRequestAproval,If,0,0,16
frmRequestAproval,Eql,0,0,5
frmRequestAproval,SingleAccess,0,0,149
frmRequestAproval,ExpressionStat,0,0,66
frmRequestAproval,Assign,0,0,32
frmRequestAproval,This,0,0,5
frmRequestAproval,Else,0,0,3
frmRequestAproval,Try,0,0,1
frmRequestAproval,And,0,0,2
frmRequestAproval,NotEql,0,0,5
frmRequestAproval,ExprMemberAccess,0,0,107
frmRequestAproval,Call,0,0,57
frmRequestAproval,MemberAccess,0,0,107
frmRequestAproval,ThisMemberAccess,0,0,2
frmRequestAproval,Catch,0,0,1
frmRequestAproval,Arg,0,0,35
frmRequestAproval,Method,0,0,19
frmRequestAproval,Param,0,0,32
frmRequestAproval,DefArg,0,0,2
frmRequestAproval,LocalVarStat,0,0,6
frmRequestAproval,LocalVar,0,0,7
frmRequestAproval,Gt,0,0,1
frmRequestAproval,ExprElementAccess,0,0,3
frmRequestAproval,IndexList,0,0,3
frmRequestAproval,NewObject,0,0,1
frmRequestAproval,Negate,0,0,3
frmRequestAproval,Plus,0,0,43
frmRequestAproval,Not,0,0,7
frmRequestAproval,GenericMemberAccess,0,0,2
frmRequestAproval,TypeArgList,0,0,2
frmRequestAproval,While,0,0,1
frmRequestAproval,Minus,0,0,1
frmRequestAproval,For,0,0,1
frmRequestAproval,ForInit,0,0,1
frmRequestAproval,LtEq,0,0,1
frmRequestAproval,Inc,0,0,2
frmAddProductTo,CompilationUnit,0,0,1
frmAddProductTo,UsingNamespace,0,0,6
frmAddProductTo,DotName,0,0,11
frmAddProductTo,SimpleName,0,0,53
frmAddProductTo,Namespace,0,0,1
frmAddProductTo,Class,0,0,1
frmAddProductTo,TypeBase,0,0,1
frmAddProductTo,TypeRef,0,0,35
frmAddProductTo,Field,0,0,11
frmAddProductTo,AliasTypeRef,0,0,37
frmAddProductTo,VarDeclarator,0,0,27
frmAddProductTo,VarInit,0,0,27
frmAddProductTo,Literal,0,0,114
frmAddProductTo,Constructor,0,0,1
frmAddProductTo,ParamList,0,0,16
frmAddProductTo,BaseInit,0,0,1
frmAddProductTo,ArgList,0,0,81
frmAddProductTo,Block,0,0,62
frmAddProductTo,If,0,0,28
frmAddProductTo,Eql,0,0,9
frmAddProductTo,SingleAccess,0,0,248
frmAddProductTo,ExpressionStat,0,0,74
frmAddProductTo,Assign,0,0,47
frmAddProductTo,This,0,0,9
frmAddProductTo,Else,0,0,7
frmAddProductTo,Try,0,0,2
frmAddProductTo,And,0,0,2
frmAddProductTo,NotEql,0,0,6
frmAddProductTo,ExprMemberAccess,0,0,204
frmAddProductTo,Call,0,0,76
frmAddProductTo,MemberAccess,0,0,209
frmAddProductTo,ThisMemberAccess,0,0,5
frmAddProductTo,Catch,0,0,1
frmAddProductTo,Method,0,0,15
frmAddProductTo,Param,0,0,21
frmAddProductTo,LocalVarStat,0,0,16
frmAddProductTo,LocalVar,0,0,16
frmAddProductTo,For,0,0,5
frmAddProductTo,ForInit,0,0,5
frmAddProductTo,ForExprs,0,0,5
frmAddProductTo,LtEq,0,0,4
frmAddProductTo,Inc,0,0,4
frmAddProductTo,ExprElementAccess,0,0,13
frmAddProductTo,IndexList,0,0,13
frmAddProductTo,Minus,0,0,9
frmAddProductTo,GtEq,0,0,1
frmAddProductTo,Dec,0,0,1
frmAddProductTo,Arg,0,0,90
frmAddProductTo,Return,0,0,2
frmAddProductTo,Foreach,0,0,2
frmAddProductTo,Plus,0,0,41
frmAddProductTo,NewObject,0,0,4
frmAddProductTo,Cond,0,0,1
frmAddProductTo,Nested,0,0,2
frmAddProductTo,Cast,0,0,2
frmAddProductTo,Negate,0,0,1
frmAddProductTo,Finally,0,0,1
frmAddProductTo,Gt,0,0,3
frmAddProductTo,While,0,0,2
frmAddProductTo,Not,0,0,8
frmAddProductTo,Break,0,0,2
frmActionOrderRequest,CompilationUnit,0,0,1
frmActionOrderRequest,UsingNamespace,0,0,5
frmActionOrderRequest,DotName,0,0,11
frmActionOrderRequest,SimpleName,0,0,28
frmActionOrderRequest,Namespace,0,0,1
frmActionOrderRequest,Class,0,0,1
frmActionOrderRequest,TypeBase,0,0,1
frmActionOrderRequest,TypeRef,0,0,11
frmActionOrderRequest,Field,0,0,7
frmActionOrderRequest,AliasTypeRef,0,0,21
frmActionOrderRequest,VarDeclarator,0,0,11
frmActionOrderRequest,VarInit,0,0,11
frmActionOrderRequest,Literal,0,0,111
frmActionOrderRequest,Constructor,0,0,1
frmActionOrderRequest,ParamList,0,0,10
frmActionOrderRequest,BaseInit,0,0,1
frmActionOrderRequest,ArgList,0,0,66
frmActionOrderRequest,Block,0,0,37
frmActionOrderRequest,If,0,0,16
frmActionOrderRequest,Eql,0,0,9
frmActionOrderRequest,SingleAccess,0,0,180
frmActionOrderRequest,ExpressionStat,0,0,69
frmActionOrderRequest,Assign,0,0,47
frmActionOrderRequest,This,0,0,10
frmActionOrderRequest,Else,0,0,3
frmActionOrderRequest,Try,0,0,3
frmActionOrderRequest,And,0,0,1
frmActionOrderRequest,NotEql,0,0,4
frmActionOrderRequest,ExprMemberAccess,0,0,163
frmActionOrderRequest,Call,0,0,65
frmActionOrderRequest,MemberAccess,0,0,166
frmActionOrderRequest,ThisMemberAccess,0,0,3
frmActionOrderRequest,Catch,0,0,3
frmActionOrderRequest,Arg,0,0,63
frmActionOrderRequest,Method,0,0,9
frmActionOrderRequest,Param,0,0,9
frmActionOrderRequest,Return,0,0,6
frmActionOrderRequest,Plus,0,0,50
frmActionOrderRequest,ExceptionSpec,0,0,2
frmActionOrderRequest,Switch,0,0,1
frmActionOrderRequest,Nested,0,0,1
frmActionOrderRequest,SwitchSection,0,0,2
frmActionOrderRequest,Case,0,0,2
frmActionOrderRequest,Break,0,0,2
frmActionOrderRequest,ExprElementAccess,0,0,20
frmActionOrderRequest,IndexList,0,0,20
frmActionOrderRequest,LocalVarStat,0,0,3
frmActionOrderRequest,LocalVar,0,0,4
frmActionOrderRequest,Not,0,0,5
frmActionOrderRequest,Mult,0,0,1
frmActionOrderRequest,While,0,0,1
frmActionOrderRequest,For,0,0,1
frmActionOrderRequest,ForInit,0,0,1
frmActionOrderRequest,LtEq,0,0,1
frmActionOrderRequest,Inc,0,0,2
frmActionOrderRequest,Minus,0,0,2
frmSplash,CompilationUnit,0,0,1
frmSplash,UsingNamespace,0,0,3
frmSplash,DotName,0,0,6
frmSplash,SimpleName,0,0,17
frmSplash,Namespace,0,0,1
frmSplash,Class,0,0,1
frmSplash,TypeBase,0,0,1
frmSplash,TypeRef,0,0,7
frmSplash,Constructor,0,0,1
frmSplash,ParamList,0,0,4
frmSplash,BaseInit,0,0,1
frmSplash,ArgList,0,0,9
frmSplash,Block,0,0,13
frmSplash,If,0,0,4
frmSplash,Eql,0,0,3
frmSplash,SingleAccess,0,0,14
frmSplash,Literal,0,0,4
frmSplash,ExpressionStat,0,0,7
frmSplash,Assign,0,0,4
frmSplash,This,0,0,5
frmSplash,Else,0,0,1
frmSplash,Try,0,0,2
frmSplash,And,0,0,1
frmSplash,NotEql,0,0,1
frmSplash,ExprMemberAccess,0,0,14
frmSplash,Call,0,0,8
frmSplash,MemberAccess,0,0,17
frmSplash,ThisMemberAccess,0,0,3
frmSplash,Catch,0,0,1
frmSplash,Method,0,0,3
frmSplash,AliasTypeRef,0,0,4
frmSplash,Param,0,0,6
frmSplash,LocalVarStat,0,0,1
frmSplash,LocalVar,0,0,1
frmSplash,VarDeclarator,0,0,1
frmSplash,VarInit,0,0,1
frmSplash,Arg,0,0,2
frmSplash,Finally,0,0,1
frmOrderReception,CompilationUnit,0,0,1
frmOrderReception,UsingNamespace,0,0,7
frmOrderReception,DotName,0,0,14
frmOrderReception,SimpleName,0,0,74
frmOrderReception,Namespace,0,0,1
frmOrderReception,Class,0,0,1
frmOrderReception,TypeBase,0,0,1
frmOrderReception,TypeRef,0,0,52
frmOrderReception,Field,0,0,9
frmOrderReception,AliasTypeRef,0,0,89
frmOrderReception,VarDeclarator,0,0,33
frmOrderReception,VarInit,0,0,33
frmOrderReception,Literal,0,0,224
frmOrderReception,Constructor,0,0,1
frmOrderReception,ParamList,0,0,32
frmOrderReception,BaseInit,0,0,1
frmOrderReception,ArgList,0,0,127
frmOrderReception,Block,0,0,108
frmOrderReception,If,0,0,46
frmOrderReception,Eql,0,0,32
frmOrderReception,SingleAccess,0,0,472
frmOrderReception,ExpressionStat,0,0,170
frmOrderReception,Assign,0,0,114
frmOrderReception,This,0,0,9
frmOrderReception,Else,0,0,15
frmOrderReception,Try,0,0,8
frmOrderReception,And,0,0,5
frmOrderReception,NotEql,0,0,9
frmOrderReception,ExprMemberAccess,0,0,351
frmOrderReception,Call,0,0,125
frmOrderReception,MemberAccess,0,0,354
frmOrderReception,ThisMemberAccess,0,0,3
frmOrderReception,Catch,0,0,2
frmOrderReception,Arg,0,0,113
frmOrderReception,Method,0,0,31
frmOrderReception,Param,0,0,50
frmOrderReception,Plus,0,0,65
frmOrderReception,DefArg,0,0,1
frmOrderReception,LocalVarStat,0,0,23
frmOrderReception,LocalVar,0,0,24
frmOrderReception,Not,0,0,14
frmOrderReception,While,0,0,2
frmOrderReception,ExprElementAccess,0,0,34
frmOrderReception,IndexList,0,0,34
frmOrderReception,Nested,0,0,24
frmOrderReception,Minus,0,0,7
frmOrderReception,For,0,0,3
frmOrderReception,ForInit,0,0,3
frmOrderReception,ForExprs,0,0,2
frmOrderReception,LtEq,0,0,7
frmOrderReception,Inc,0,0,6
frmOrderReception,Mult,0,0,5
frmOrderReception,ExceptionSpec,0,0,1
frmOrderReception,Return,0,0,4
frmOrderReception,Or,0,0,17
frmOrderReception,GtEq,0,0,4
frmOrderReception,Finally,0,0,6
frmOrderReception,Cast,0,0,24
frmOrderReception,Div,0,0,1
frmOrderReception,Switch,0,0,1
frmOrderReception,SwitchSection,0,0,6
frmOrderReception,Case,0,0,6
frmOrderReception,Break,0,0,6
frmOrderReception,Gt,0,0,2
frmOrderReception,Dec,0,0,2
frmOrderReception,Lt,0,0,3
frmOrderReception,Cond,0,0,1
frmOrderReception,NewObject,0,0,1
frmOrderReception,Negate,0,0,1
frmActionOrderReception,CompilationUnit,0,0,1
frmActionOrderReception,UsingNamespace,0,0,5
frmActionOrderReception,DotName,0,0,11
frmActionOrderReception,SimpleName,0,0,30
frmActionOrderReception,Namespace,0,0,1
frmActionOrderReception,Class,0,0,1
frmActionOrderReception,TypeBase,0,0,1
frmActionOrderReception,TypeRef,0,0,13
frmActionOrderReception,Field,0,0,7
frmActionOrderReception,AliasTypeRef,0,0,22
frmActionOrderReception,VarDeclarator,0,0,12
frmActionOrderReception,VarInit,0,0,12
frmActionOrderReception,Literal,0,0,167
frmActionOrderReception,Constructor,0,0,1
frmActionOrderReception,ParamList,0,0,10
frmActionOrderReception,BaseInit,0,0,1
frmActionOrderReception,ArgList,0,0,99
frmActionOrderReception,Block,0,0,38
frmActionOrderReception,If,0,0,16
frmActionOrderReception,Eql,0,0,9
frmActionOrderReception,SingleAccess,0,0,233
frmActionOrderReception,ExpressionStat,0,0,78
frmActionOrderReception,Assign,0,0,46
frmActionOrderReception,This,0,0,10
frmActionOrderReception,Else,0,0,3
frmActionOrderReception,Try,0,0,3
frmActionOrderReception,And,0,0,1
frmActionOrderReception,NotEql,0,0,4
frmActionOrderReception,ExprMemberAccess,0,0,213
frmActionOrderReception,Call,0,0,96
frmActionOrderReception,MemberAccess,0,0,216
frmActionOrderReception,ThisMemberAccess,0,0,3
frmActionOrderReception,Catch,0,0,3
frmActionOrderReception,Arg,0,0,90
frmActionOrderReception,Method,0,0,9
frmActionOrderReception,Param,0,0,9
frmActionOrderReception,Return,0,0,6
frmActionOrderReception,Plus,0,0,114
frmActionOrderReception,LocalVarStat,0,0,4
frmActionOrderReception,LocalVar,0,0,5
frmActionOrderReception,While,0,0,2
frmActionOrderReception,Not,0,0,6
frmActionOrderReception,ExprElementAccess,0,0,30
frmActionOrderReception,IndexList,0,0,30
frmActionOrderReception,ExceptionSpec,0,0,2
frmActionOrderReception,Switch,0,0,1
frmActionOrderReception,Nested,0,0,1
frmActionOrderReception,SwitchSection,0,0,2
frmActionOrderReception,Case,0,0,2
frmActionOrderReception,NewObject,0,0,2
frmActionOrderReception,Break,0,0,2
frmActionOrderReception,Mult,0,0,1
frmActionOrderReception,For,0,0,1
frmActionOrderReception,ForInit,0,0,1
frmActionOrderReception,LtEq,0,0,1
frmActionOrderReception,Inc,0,0,2
frmActionOrderReception,Minus,0,0,2
frmOrderAproval,CompilationUnit,0,0,1
frmOrderAproval,UsingNamespace,0,0,5
frmOrderAproval,SimpleName,0,0,51
frmOrderAproval,DotName,0,0,11
frmOrderAproval,Namespace,0,0,1
frmOrderAproval,Class,0,0,1
frmOrderAproval,TypeBase,0,0,1
frmOrderAproval,TypeRef,0,0,34
frmOrderAproval,Field,0,0,1
frmOrderAproval,AliasTypeRef,0,0,29
frmOrderAproval,VarDeclarator,0,0,8
frmOrderAproval,VarInit,0,0,8
frmOrderAproval,Literal,0,0,70
frmOrderAproval,Constructor,0,0,1
frmOrderAproval,ParamList,0,0,20
frmOrderAproval,BaseInit,0,0,1
frmOrderAproval,ArgList,0,0,56
frmOrderAproval,Block,0,0,43
frmOrderAproval,If,0,0,16
frmOrderAproval,Eql,0,0,5
frmOrderAproval,SingleAccess,0,0,146
frmOrderAproval,ExpressionStat,0,0,65
frmOrderAproval,Assign,0,0,32
frmOrderAproval,This,0,0,5
frmOrderAproval,Else,0,0,3
frmOrderAproval,Try,0,0,1
frmOrderAproval,And,0,0,2
frmOrderAproval,NotEql,0,0,5
frmOrderAproval,ExprMemberAccess,0,0,103
frmOrderAproval,Call,0,0,54
frmOrderAproval,MemberAccess,0,0,103
frmOrderAproval,ThisMemberAccess,0,0,2
frmOrderAproval,Catch,0,0,1
frmOrderAproval,Arg,0,0,33
frmOrderAproval,Method,0,0,19
frmOrderAproval,Param,0,0,32
frmOrderAproval,DefArg,0,0,2
frmOrderAproval,LocalVarStat,0,0,6
frmOrderAproval,LocalVar,0,0,7
frmOrderAproval,Gt,0,0,1
frmOrderAproval,ExprElementAccess,0,0,3
frmOrderAproval,IndexList,0,0,3
frmOrderAproval,NewObject,0,0,1
frmOrderAproval,Negate,0,0,3
frmOrderAproval,Plus,0,0,43
frmOrderAproval,Not,0,0,7
frmOrderAproval,GenericMemberAccess,0,0,2
frmOrderAproval,TypeArgList,0,0,2
frmOrderAproval,While,0,0,1
frmOrderAproval,Minus,0,0,1
frmOrderAproval,For,0,0,1
frmOrderAproval,ForInit,0,0,1
frmOrderAproval,LtEq,0,0,1
frmOrderAproval,Inc,0,0,2
frmOrderAproval.Designer,CompilationUnit,0,0,1
frmOrderAproval.Designer,Namespace,0,0,1
frmOrderAproval.Designer,SimpleName,0,0,450
frmOrderAproval.Designer,Class,0,0,1
frmOrderAproval.Designer,Field,0,0,32
frmOrderAproval.Designer,PPRegion,0,0,2
frmOrderAproval.Designer,TypeRef,0,0,141
frmOrderAproval.Designer,VarDeclarator,0,0,34
frmOrderAproval.Designer,AliasTypeRef,0,0,8
frmOrderAproval.Designer,Property,0,0,1
frmOrderAproval.Designer,PropBody,0,0,1
frmOrderAproval.Designer,Get,0,0,1
frmOrderAproval.Designer,Block,0,0,6
frmOrderAproval.Designer,If,0,0,1
frmOrderAproval.Designer,Or,0,0,1
frmOrderAproval.Designer,Eql,0,0,1
frmOrderAproval.Designer,SingleAccess,0,0,126
frmOrderAproval.Designer,Literal,0,0,296
frmOrderAproval.Designer,ExprMemberAccess,0,0,773
frmOrderAproval.Designer,MemberAccess,0,0,1208
frmOrderAproval.Designer,ExpressionStat,0,0,396
frmOrderAproval.Designer,Assign,0,0,358
frmOrderAproval.Designer,Call,0,0,39
frmOrderAproval.Designer,ArgList,0,0,140
frmOrderAproval.Designer,Return,0,0,2
frmOrderAproval.Designer,Set,0,0,1
frmOrderAproval.Designer,PPEndRegion,0,0,2
frmOrderAproval.Designer,Method,0,0,3
frmOrderAproval.Designer,ParamList,0,0,3
frmOrderAproval.Designer,LocalVarStat,0,0,2
frmOrderAproval.Designer,LocalVar,0,0,2
frmOrderAproval.Designer,VarInit,0,0,3
frmOrderAproval.Designer,NewObject,0,0,101
frmOrderAproval.Designer,ArrayTypeRef,0,0,5
frmOrderAproval.Designer,RankSpecifier,0,0,5
frmOrderAproval.Designer,NewArrayTypeArray,0,0,4
frmOrderAproval.Designer,ArrayInitializer,0,0,4
frmOrderAproval.Designer,DotName,0,0,308
frmOrderAproval.Designer,AttrSection,0,0,1
frmOrderAproval.Designer,Attribute,0,0,1
frmOrderAproval.Designer,AttrArgList,0,0,1
frmOrderAproval.Designer,ThisMemberAccess,0,0,435
frmOrderAproval.Designer,This,0,0,435
frmOrderAproval.Designer,Arg,0,0,160
frmOrderAproval.Designer,TypeOf,0,0,1
frmOrderAproval.Designer,Nested,0,0,3
frmOrderAproval.Designer,Cast,0,0,3
frmOrderAproval.Designer,BitOr,0,0,3
frmOrderAproval.Designer,Param,0,0,1
frmCustomers,CompilationUnit,0,0,1
frmCustomers,UsingNamespace,0,0,3
frmCustomers,SimpleName,0,0,20
frmCustomers,DotName,0,0,7
frmCustomers,Namespace,0,0,1
frmCustomers,Class,0,0,1
frmCustomers,TypeBase,0,0,1
frmCustomers,TypeRef,0,0,9
frmCustomers,Field,0,0,4
frmCustomers,AliasTypeRef,0,0,14
frmCustomers,VarDeclarator,0,0,7
frmCustomers,VarInit,0,0,7
frmCustomers,Literal,0,0,41
frmCustomers,Constructor,0,0,1
frmCustomers,ParamList,0,0,7
frmCustomers,BaseInit,0,0,1
frmCustomers,ArgList,0,0,22
frmCustomers,Block,0,0,17
frmCustomers,If,0,0,6
frmCustomers,Eql,0,0,4
frmCustomers,SingleAccess,0,0,52
frmCustomers,ExpressionStat,0,0,32
frmCustomers,Assign,0,0,17
frmCustomers,This,0,0,4
frmCustomers,Else,0,0,2
frmCustomers,Try,0,0,1
frmCustomers,And,0,0,1
frmCustomers,NotEql,0,0,1
frmCustomers,ExprMemberAccess,0,0,48
frmCustomers,Call,0,0,21
frmCustomers,MemberAccess,0,0,50
frmCustomers,ThisMemberAccess,0,0,2
frmCustomers,Catch,0,0,1
frmCustomers,Arg,0,0,15
frmCustomers,Method,0,0,6
frmCustomers,Param,0,0,8
frmCustomers,ExprElementAccess,0,0,1
frmCustomers,IndexList,0,0,1
frmCustomers,LocalVarStat,0,0,3
frmCustomers,LocalVar,0,0,3
frmCustomers,Cast,0,0,1
frmCustomers,Switch,0,0,1
frmCustomers,SwitchSection,0,0,6
frmCustomers,Case,0,0,6
frmCustomers,Break,0,0,6
frmCustomers,Not,0,0,1
frmCustomers,Plus,0,0,6
frmSearch,CompilationUnit,0,0,1
frmSearch,UsingNamespace,0,0,4
frmSearch,SimpleName,0,0,22
frmSearch,DotName,0,0,8
frmSearch,Namespace,0,0,1
frmSearch,Class,0,0,1
frmSearch,TypeBase,0,0,1
frmSearch,TypeRef,0,0,9
frmSearch,Field,0,0,1
frmSearch,AliasTypeRef,0,0,20
frmSearch,VarDeclarator,0,0,3
frmSearch,VarInit,0,0,3
frmSearch,Literal,0,0,39
frmSearch,Constructor,0,0,1
frmSearch,ParamList,0,0,9
frmSearch,BaseInit,0,0,1
frmSearch,ArgList,0,0,27
frmSearch,Block,0,0,29
frmSearch,If,0,0,12
frmSearch,Eql,0,0,9
frmSearch,SingleAccess,0,0,79
frmSearch,ExpressionStat,0,0,27
frmSearch,Assign,0,0,13
frmSearch,This,0,0,4
frmSearch,Else,0,0,7
frmSearch,Try,0,0,1
frmSearch,And,0,0,1
frmSearch,NotEql,0,0,1
frmSearch,ExprMemberAccess,0,0,78
frmSearch,Call,0,0,26
frmSearch,MemberAccess,0,0,80
frmSearch,ThisMemberAccess,0,0,2
frmSearch,Catch,0,0,1
frmSearch,Method,0,0,8
frmSearch,Param,0,0,17
frmSearch,Not,0,0,2
frmSearch,Arg,0,0,31
frmSearch,Plus,0,0,19
frmSearch,LocalVarStat,0,0,2
frmSearch,LocalVar,0,0,2
frmSearch,Nested,0,0,1
frmSearch,Minus,0,0,2
frmSearch,For,0,0,1
frmSearch,ForInit,0,0,1
frmSearch,ForExprs,0,0,1
frmSearch,LtEq,0,0,1
frmSearch,Inc,0,0,1
frmActionOrderRequest.Designer,CompilationUnit,0,0,1
frmActionOrderRequest.Designer,Namespace,0,0,1
frmActionOrderRequest.Designer,SimpleName,0,0,612
frmActionOrderRequest.Designer,Class,0,0,1
frmActionOrderRequest.Designer,Field,0,0,45
frmActionOrderRequest.Designer,PPRegion,0,0,2
frmActionOrderRequest.Designer,TypeRef,0,0,182
frmActionOrderRequest.Designer,VarDeclarator,0,0,47
frmActionOrderRequest.Designer,AliasTypeRef,0,0,6
frmActionOrderRequest.Designer,Property,0,0,1
frmActionOrderRequest.Designer,PropBody,0,0,1
frmActionOrderRequest.Designer,Get,0,0,1
frmActionOrderRequest.Designer,Block,0,0,6
frmActionOrderRequest.Designer,If,0,0,1
frmActionOrderRequest.Designer,Or,0,0,1
frmActionOrderRequest.Designer,Eql,0,0,1
frmActionOrderRequest.Designer,SingleAccess,0,0,198
frmActionOrderRequest.Designer,Literal,0,0,442
frmActionOrderRequest.Designer,ExprMemberAccess,0,0,1202
frmActionOrderRequest.Designer,MemberAccess,0,0,1835
frmActionOrderRequest.Designer,ExpressionStat,0,0,593
frmActionOrderRequest.Designer,Assign,0,0,545
frmActionOrderRequest.Designer,Call,0,0,49
frmActionOrderRequest.Designer,ArgList,0,0,180
frmActionOrderRequest.Designer,Return,0,0,2
frmActionOrderRequest.Designer,Set,0,0,1
frmActionOrderRequest.Designer,PPEndRegion,0,0,2
frmActionOrderRequest.Designer,Method,0,0,3
frmActionOrderRequest.Designer,ParamList,0,0,3
frmActionOrderRequest.Designer,LocalVarStat,0,0,2
frmActionOrderRequest.Designer,LocalVar,0,0,2
frmActionOrderRequest.Designer,VarInit,0,0,3
frmActionOrderRequest.Designer,NewObject,0,0,131
frmActionOrderRequest.Designer,ArrayTypeRef,0,0,3
frmActionOrderRequest.Designer,RankSpecifier,0,0,3
frmActionOrderRequest.Designer,NewArrayTypeArray,0,0,2
frmActionOrderRequest.Designer,ArrayInitializer,0,0,2
frmActionOrderRequest.Designer,DotName,0,0,429
frmActionOrderRequest.Designer,AttrSection,0,0,1
frmActionOrderRequest.Designer,Attribute,0,0,1
frmActionOrderRequest.Designer,AttrArgList,0,0,1
frmActionOrderRequest.Designer,ThisMemberAccess,0,0,633
frmActionOrderRequest.Designer,This,0,0,633
frmActionOrderRequest.Designer,Arg,0,0,215
frmActionOrderRequest.Designer,TypeOf,0,0,1
frmActionOrderRequest.Designer,Cast,0,0,1
frmActionOrderRequest.Designer,Nested,0,0,1
frmActionOrderRequest.Designer,BitOr,0,0,3
frmActionOrderRequest.Designer,Param,0,0,1
frmActionOrderReception.Designer,CompilationUnit,0,0,1
frmActionOrderReception.Designer,Namespace,0,0,1
frmActionOrderReception.Designer,SimpleName,0,0,556
frmActionOrderReception.Designer,Class,0,0,1
frmActionOrderReception.Designer,Field,0,0,41
frmActionOrderReception.Designer,PPRegion,0,0,2
frmActionOrderReception.Designer,TypeRef,0,0,166
frmActionOrderReception.Designer,VarDeclarator,0,0,43
frmActionOrderReception.Designer,AliasTypeRef,0,0,6
frmActionOrderReception.Designer,Property,0,0,1
frmActionOrderReception.Designer,PropBody,0,0,1
frmActionOrderReception.Designer,Get,0,0,1
frmActionOrderReception.Designer,Block,0,0,6
frmActionOrderReception.Designer,If,0,0,1
frmActionOrderReception.Designer,Or,0,0,1
frmActionOrderReception.Designer,Eql,0,0,1
frmActionOrderReception.Designer,SingleAccess,0,0,186
frmActionOrderReception.Designer,Literal,0,0,391
frmActionOrderReception.Designer,ExprMemberAccess,0,0,1101
frmActionOrderReception.Designer,MemberAccess,0,0,1671
frmActionOrderReception.Designer,ExpressionStat,0,0,534
frmActionOrderReception.Designer,Assign,0,0,490
frmActionOrderReception.Designer,Call,0,0,45
frmActionOrderReception.Designer,ArgList,0,0,164
frmActionOrderReception.Designer,Return,0,0,2
frmActionOrderReception.Designer,Set,0,0,1
frmActionOrderReception.Designer,PPEndRegion,0,0,2
frmActionOrderReception.Designer,Method,0,0,3
frmActionOrderReception.Designer,ParamList,0,0,3
frmActionOrderReception.Designer,LocalVarStat,0,0,2
frmActionOrderReception.Designer,LocalVar,0,0,2
frmActionOrderReception.Designer,VarInit,0,0,3
frmActionOrderReception.Designer,NewObject,0,0,119
frmActionOrderReception.Designer,ArrayTypeRef,0,0,3
frmActionOrderReception.Designer,RankSpecifier,0,0,3
frmActionOrderReception.Designer,NewArrayTypeArray,0,0,2
frmActionOrderReception.Designer,ArrayInitializer,0,0,2
frmActionOrderReception.Designer,DotName,0,0,389
frmActionOrderReception.Designer,AttrSection,0,0,1
frmActionOrderReception.Designer,Attribute,0,0,1
frmActionOrderReception.Designer,AttrArgList,0,0,1
frmActionOrderReception.Designer,ThisMemberAccess,0,0,570
frmActionOrderReception.Designer,This,0,0,570
frmActionOrderReception.Designer,Arg,0,0,195
frmActionOrderReception.Designer,TypeOf,0,0,1
frmActionOrderReception.Designer,Cast,0,0,1
frmActionOrderReception.Designer,Nested,0,0,1
frmActionOrderReception.Designer,BitOr,0,0,3
frmActionOrderReception.Designer,Param,0,0,1
frmUsersManage,CompilationUnit,0,0,1
frmUsersManage,UsingNamespace,0,0,4
frmUsersManage,SimpleName,0,0,37
frmUsersManage,DotName,0,0,8
frmUsersManage,Namespace,0,0,1
frmUsersManage,Class,0,0,1
frmUsersManage,TypeBase,0,0,1
frmUsersManage,TypeRef,0,0,24
frmUsersManage,Field,0,0,1
frmUsersManage,AliasTypeRef,0,0,16
frmUsersManage,VarDeclarator,0,0,4
frmUsersManage,VarInit,0,0,4
frmUsersManage,Literal,0,0,76
frmUsersManage,Constructor,0,0,1
frmUsersManage,ParamList,0,0,15
frmUsersManage,BaseInit,0,0,1
frmUsersManage,ArgList,0,0,76
frmUsersManage,Block,0,0,47
frmUsersManage,If,0,0,23
frmUsersManage,Eql,0,0,5
frmUsersManage,SingleAccess,0,0,186
frmUsersManage,ExpressionStat,0,0,76
frmUsersManage,Assign,0,0,30
frmUsersManage,This,0,0,5
frmUsersManage,Else,0,0,5
frmUsersManage,Try,0,0,1
frmUsersManage,And,0,0,2
frmUsersManage,NotEql,0,0,4
frmUsersManage,ExprMemberAccess,0,0,190
frmUsersManage,Call,0,0,74
frmUsersManage,MemberAccess,0,0,193
frmUsersManage,ThisMemberAccess,0,0,3
frmUsersManage,Catch,0,0,1
frmUsersManage,Arg,0,0,83
frmUsersManage,Method,0,0,14
frmUsersManage,Param,0,0,20
frmUsersManage,Return,0,0,11
frmUsersManage,Plus,0,0,22
frmUsersManage,ExprElementAccess,0,0,16
frmUsersManage,IndexList,0,0,16
frmUsersManage,LocalVarStat,0,0,3
frmUsersManage,LocalVar,0,0,3
frmUsersManage,Not,0,0,6
frmUsersManage,While,0,0,3
frmUsersManage,Negate,0,0,2
frmUsersManage,NewObject,0,0,1
frmProviders,CompilationUnit,0,0,1
frmProviders,UsingNamespace,0,0,3
frmProviders,SimpleName,0,0,20
frmProviders,DotName,0,0,7
frmProviders,Namespace,0,0,1
frmProviders,Class,0,0,1
frmProviders,TypeBase,0,0,1
frmProviders,TypeRef,0,0,9
frmProviders,Field,0,0,4
frmProviders,AliasTypeRef,0,0,10
frmProviders,VarDeclarator,0,0,6
frmProviders,VarInit,0,0,6
frmProviders,Literal,0,0,44
frmProviders,Constructor,0,0,1
frmProviders,ParamList,0,0,6
frmProviders,BaseInit,0,0,1
frmProviders,ArgList,0,0,30
frmProviders,Block,0,0,26
frmProviders,If,0,0,17
frmProviders,Eql,0,0,3
frmProviders,SingleAccess,0,0,65
frmProviders,ExpressionStat,0,0,28
frmProviders,Assign,0,0,16
frmProviders,This,0,0,4
frmProviders,Else,0,0,1
frmProviders,Try,0,0,1
frmProviders,And,0,0,1
frmProviders,NotEql,0,0,1
frmProviders,ExprMemberAccess,0,0,48
frmProviders,Call,0,0,29
frmProviders,MemberAccess,0,0,50
frmProviders,ThisMemberAccess,0,0,2
frmProviders,Catch,0,0,1
frmProviders,Arg,0,0,21
frmProviders,Method,0,0,5
frmProviders,Param,0,0,6
frmProviders,ExprElementAccess,0,0,13
frmProviders,IndexList,0,0,13
frmProviders,LocalVarStat,0,0,2
frmProviders,LocalVar,0,0,2
frmProviders,Cast,0,0,1
frmProviders,Switch,0,0,1
frmProviders,SwitchSection,0,0,6
frmProviders,Case,0,0,6
frmProviders,Break,0,0,6
frmProviders,Return,0,0,12
frmProviders,Not,0,0,1
frmOrderReception.Designer,CompilationUnit,0,0,1
frmOrderReception.Designer,Namespace,0,0,1
frmOrderReception.Designer,SimpleName,0,0,642
frmOrderReception.Designer,Class,0,0,1
frmOrderReception.Designer,Field,0,0,47
frmOrderReception.Designer,PPRegion,0,0,2
frmOrderReception.Designer,TypeRef,0,0,192
frmOrderReception.Designer,VarDeclarator,0,0,49
frmOrderReception.Designer,AliasTypeRef,0,0,6
frmOrderReception.Designer,Property,0,0,1
frmOrderReception.Designer,PropBody,0,0,1
frmOrderReception.Designer,Get,0,0,1
frmOrderReception.Designer,Block,0,0,6
frmOrderReception.Designer,If,0,0,1
frmOrderReception.Designer,Or,0,0,1
frmOrderReception.Designer,Eql,0,0,1
frmOrderReception.Designer,SingleAccess,0,0,168
frmOrderReception.Designer,Literal,0,0,396
frmOrderReception.Designer,ExprMemberAccess,0,0,1063
frmOrderReception.Designer,MemberAccess,0,0,1673
frmOrderReception.Designer,ExpressionStat,0,0,550
frmOrderReception.Designer,Assign,0,0,493
frmOrderReception.Designer,Call,0,0,58
frmOrderReception.Designer,ArgList,0,0,195
frmOrderReception.Designer,Return,0,0,2
frmOrderReception.Designer,Set,0,0,1
frmOrderReception.Designer,PPEndRegion,0,0,2
frmOrderReception.Designer,Method,0,0,3
frmOrderReception.Designer,ParamList,0,0,3
frmOrderReception.Designer,LocalVarStat,0,0,2
frmOrderReception.Designer,LocalVar,0,0,2
frmOrderReception.Designer,VarInit,0,0,3
frmOrderReception.Designer,NewObject,0,0,137
frmOrderReception.Designer,ArrayTypeRef,0,0,3
frmOrderReception.Designer,RankSpecifier,0,0,3
frmOrderReception.Designer,NewArrayTypeArray,0,0,2
frmOrderReception.Designer,ArrayInitializer,0,0,2
frmOrderReception.Designer,DotName,0,0,449
frmOrderReception.Designer,AttrSection,0,0,1
frmOrderReception.Designer,Attribute,0,0,1
frmOrderReception.Designer,AttrArgList,0,0,1
frmOrderReception.Designer,ThisMemberAccess,0,0,610
frmOrderReception.Designer,This,0,0,610
frmOrderReception.Designer,Arg,0,0,215
frmOrderReception.Designer,TypeOf,0,0,1
frmOrderReception.Designer,Nested,0,0,3
frmOrderReception.Designer,Cast,0,0,3
frmOrderReception.Designer,BitOr,0,0,3
frmOrderReception.Designer,Param,0,0,1
frmAddProductTo.Designer,CompilationUnit,0,0,1
frmAddProductTo.Designer,Namespace,0,0,1
frmAddProductTo.Designer,SimpleName,0,0,380
frmAddProductTo.Designer,Class,0,0,1
frmAddProductTo.Designer,Field,0,0,32
frmAddProductTo.Designer,PPRegion,0,0,2
frmAddProductTo.Designer,TypeRef,0,0,114
frmAddProductTo.Designer,VarDeclarator,0,0,34
frmAddProductTo.Designer,AliasTypeRef,0,0,4
frmAddProductTo.Designer,Property,0,0,1
frmAddProductTo.Designer,PropBody,0,0,1
frmAddProductTo.Designer,Get,0,0,1
frmAddProductTo.Designer,Block,0,0,5
frmAddProductTo.Designer,If,0,0,1
frmAddProductTo.Designer,Or,0,0,1
frmAddProductTo.Designer,Eql,0,0,1
frmAddProductTo.Designer,SingleAccess,0,0,85
frmAddProductTo.Designer,Literal,0,0,214
frmAddProductTo.Designer,ExprMemberAccess,0,0,537
frmAddProductTo.Designer,MemberAccess,0,0,871
frmAddProductTo.Designer,ExpressionStat,0,0,298
frmAddProductTo.Designer,Assign,0,0,258
frmAddProductTo.Designer,Call,0,0,41
frmAddProductTo.Designer,ArgList,0,0,115
frmAddProductTo.Designer,Return,0,0,2
frmAddProductTo.Designer,Set,0,0,1
frmAddProductTo.Designer,PPEndRegion,0,0,2
frmAddProductTo.Designer,Method,0,0,2
frmAddProductTo.Designer,ParamList,0,0,2
frmAddProductTo.Designer,LocalVarStat,0,0,2
frmAddProductTo.Designer,LocalVar,0,0,2
frmAddProductTo.Designer,VarInit,0,0,3
frmAddProductTo.Designer,NewObject,0,0,74
frmAddProductTo.Designer,ArrayTypeRef,0,0,3
frmAddProductTo.Designer,RankSpecifier,0,0,3
frmAddProductTo.Designer,NewArrayTypeArray,0,0,2
frmAddProductTo.Designer,ArrayInitializer,0,0,2
frmAddProductTo.Designer,DotName,0,0,265
frmAddProductTo.Designer,AttrSection,0,0,1
frmAddProductTo.Designer,Attribute,0,0,1
frmAddProductTo.Designer,AttrArgList,0,0,1
frmAddProductTo.Designer,ThisMemberAccess,0,0,334
frmAddProductTo.Designer,This,0,0,334
frmAddProductTo.Designer,Arg,0,0,113
frmAddProductTo.Designer,TypeOf,0,0,1
frmAddProductTo.Designer,Nested,0,0,3
frmAddProductTo.Designer,Cast,0,0,3
frmAddProductTo.Designer,BitOr,0,0,3
frmSearch.Designer,CompilationUnit,0,0,1
frmSearch.Designer,Namespace,0,0,1
frmSearch.Designer,SimpleName,0,0,202
frmSearch.Designer,Class,0,0,1
frmSearch.Designer,Field,0,0,15
frmSearch.Designer,PPRegion,0,0,2
frmSearch.Designer,TypeRef,0,0,65
frmSearch.Designer,VarDeclarator,0,0,17
frmSearch.Designer,AliasTypeRef,0,0,4
frmSearch.Designer,Property,0,0,1
frmSearch.Designer,PropBody,0,0,1
frmSearch.Designer,Get,0,0,1
frmSearch.Designer,Block,0,0,5
frmSearch.Designer,If,0,0,1
frmSearch.Designer,Or,0,0,1
frmSearch.Designer,Eql,0,0,1
frmSearch.Designer,SingleAccess,0,0,68
frmSearch.Designer,Literal,0,0,146
frmSearch.Designer,ExprMemberAccess,0,0,331
frmSearch.Designer,MemberAccess,0,0,510
frmSearch.Designer,ExpressionStat,0,0,168
frmSearch.Designer,Assign,0,0,156
frmSearch.Designer,Call,0,0,19
frmSearch.Designer,ArgList,0,0,63
frmSearch.Designer,Return,0,0,2
frmSearch.Designer,Set,0,0,1
frmSearch.Designer,PPEndRegion,0,0,2
frmSearch.Designer,Method,0,0,2
frmSearch.Designer,ParamList,0,0,2
frmSearch.Designer,LocalVarStat,0,0,2
frmSearch.Designer,LocalVar,0,0,2
frmSearch.Designer,VarInit,0,0,3
frmSearch.Designer,NewObject,0,0,44
frmSearch.Designer,ArrayTypeRef,0,0,2
frmSearch.Designer,RankSpecifier,0,0,2
frmSearch.Designer,NewArrayTypeArray,0,0,1
frmSearch.Designer,ArrayInitializer,0,0,1
frmSearch.Designer,DotName,0,0,136
frmSearch.Designer,AttrSection,0,0,1
frmSearch.Designer,Attribute,0,0,1
frmSearch.Designer,AttrArgList,0,0,1
frmSearch.Designer,ThisMemberAccess,0,0,179
frmSearch.Designer,This,0,0,179
frmSearch.Designer,Arg,0,0,92
frmSearch.Designer,TypeOf,0,0,1
frmSearch.Designer,BitOr,0,0,3
frmSearch.Designer,Cast,0,0,2
frmAddStockManual,CompilationUnit,0,0,1
frmAddStockManual,UsingNamespace,0,0,7
frmAddStockManual,DotName,0,0,12
frmAddStockManual,SimpleName,0,0,54
frmAddStockManual,Namespace,0,0,1
frmAddStockManual,Class,0,0,1
frmAddStockManual,TypeBase,0,0,1
frmAddStockManual,TypeRef,0,0,34
frmAddStockManual,Field,0,0,9
frmAddStockManual,AliasTypeRef,0,0,48
frmAddStockManual,VarDeclarator,0,0,23
frmAddStockManual,VarInit,0,0,23
frmAddStockManual,Literal,0,0,159
frmAddStockManual,Constructor,0,0,1
frmAddStockManual,ParamList,0,0,19
frmAddStockManual,BaseInit,0,0,1
frmAddStockManual,ArgList,0,0,90
frmAddStockManual,Block,0,0,62
frmAddStockManual,If,0,0,29
frmAddStockManual,Eql,0,0,17
frmAddStockManual,SingleAccess,0,0,296
frmAddStockManual,ExpressionStat,0,0,124
frmAddStockManual,Assign,0,0,86
frmAddStockManual,This,0,0,9
frmAddStockManual,Else,0,0,7
frmAddStockManual,Try,0,0,4
frmAddStockManual,And,0,0,2
frmAddStockManual,NotEql,0,0,6
frmAddStockManual,ExprMemberAccess,0,0,250
frmAddStockManual,Call,0,0,88
frmAddStockManual,MemberAccess,0,0,255
frmAddStockManual,ThisMemberAccess,0,0,5
frmAddStockManual,Catch,0,0,2
frmAddStockManual,Arg,0,0,79
frmAddStockManual,Method,0,0,18
frmAddStockManual,Param,0,0,27
frmAddStockManual,LocalVarStat,0,0,13
frmAddStockManual,LocalVar,0,0,13
frmAddStockManual,ExprElementAccess,0,0,60
frmAddStockManual,IndexList,0,0,60
frmAddStockManual,Plus,0,0,16
frmAddStockManual,ExceptionSpec,0,0,1
frmAddStockManual,Cond,0,0,1
frmAddStockManual,Nested,0,0,14
frmAddStockManual,Cast,0,0,12
frmAddStockManual,NewObject,0,0,1
frmAddStockManual,Negate,0,0,1
frmAddStockManual,Finally,0,0,2
frmAddStockManual,Not,0,0,11
frmAddStockManual,While,0,0,1
frmAddStockManual,Minus,0,0,1
frmAddStockManual,For,0,0,1
frmAddStockManual,ForInit,0,0,1
frmAddStockManual,ForExprs,0,0,1
frmAddStockManual,LtEq,0,0,2
frmAddStockManual,Inc,0,0,1
frmAddStockManual,Return,0,0,1
frmAddStockManual,Switch,0,0,1
frmAddStockManual,SwitchSection,0,0,2
frmAddStockManual,Case,0,0,3
frmAddStockManual,Mult,0,0,2
frmAddStockManual,Break,0,0,2
frmAddStockManual,Div,0,0,1
frmAddStockManual,GtEq,0,0,1
frmAddStockManual,Or,0,0,6
frmRequestAproval.Designer,CompilationUnit,0,0,1
frmRequestAproval.Designer,Namespace,0,0,1
frmRequestAproval.Designer,SimpleName,0,0,450
frmRequestAproval.Designer,Class,0,0,1
frmRequestAproval.Designer,Field,0,0,32
frmRequestAproval.Designer,PPRegion,0,0,2
frmRequestAproval.Designer,TypeRef,0,0,141
frmRequestAproval.Designer,VarDeclarator,0,0,34
frmRequestAproval.Designer,AliasTypeRef,0,0,8
frmRequestAproval.Designer,Property,0,0,1
frmRequestAproval.Designer,PropBody,0,0,1
frmRequestAproval.Designer,Get,0,0,1
frmRequestAproval.Designer,Block,0,0,6
frmRequestAproval.Designer,If,0,0,1
frmRequestAproval.Designer,Or,0,0,1
frmRequestAproval.Designer,Eql,0,0,1
frmRequestAproval.Designer,SingleAccess,0,0,126
frmRequestAproval.Designer,Literal,0,0,296
frmRequestAproval.Designer,ExprMemberAccess,0,0,773
frmRequestAproval.Designer,MemberAccess,0,0,1208
frmRequestAproval.Designer,ExpressionStat,0,0,396
frmRequestAproval.Designer,Assign,0,0,358
frmRequestAproval.Designer,Call,0,0,39
frmRequestAproval.Designer,ArgList,0,0,140
frmRequestAproval.Designer,Return,0,0,2
frmRequestAproval.Designer,Set,0,0,1
frmRequestAproval.Designer,PPEndRegion,0,0,2
frmRequestAproval.Designer,Method,0,0,3
frmRequestAproval.Designer,ParamList,0,0,3
frmRequestAproval.Designer,LocalVarStat,0,0,2
frmRequestAproval.Designer,LocalVar,0,0,2
frmRequestAproval.Designer,VarInit,0,0,3
frmRequestAproval.Designer,NewObject,0,0,101
frmRequestAproval.Designer,ArrayTypeRef,0,0,5
frmRequestAproval.Designer,RankSpecifier,0,0,5
frmRequestAproval.Designer,NewArrayTypeArray,0,0,4
frmRequestAproval.Designer,ArrayInitializer,0,0,4
frmRequestAproval.Designer,DotName,0,0,308
frmRequestAproval.Designer,AttrSection,0,0,1
frmRequestAproval.Designer,Attribute,0,0,1
frmRequestAproval.Designer,AttrArgList,0,0,1
frmRequestAproval.Designer,ThisMemberAccess,0,0,435
frmRequestAproval.Designer,This,0,0,435
frmRequestAproval.Designer,Arg,0,0,160
frmRequestAproval.Designer,TypeOf,0,0,1
frmRequestAproval.Designer,Nested,0,0,3
frmRequestAproval.Designer,Cast,0,0,3
frmRequestAproval.Designer,BitOr,0,0,3
frmRequestAproval.Designer,Param,0,0,1
frmProducts,CompilationUnit,0,0,1
frmProducts,UsingNamespace,0,0,5
frmProducts,SimpleName,0,0,26
frmProducts,DotName,0,0,9
frmProducts,Namespace,0,0,1
frmProducts,Class,0,0,1
frmProducts,TypeBase,0,0,1
frmProducts,TypeRef,0,0,11
frmProducts,Field,0,0,4
frmProducts,AliasTypeRef,0,0,12
frmProducts,VarDeclarator,0,0,8
frmProducts,VarInit,0,0,8
frmProducts,Literal,0,0,52
frmProducts,Constructor,0,0,1
frmProducts,ParamList,0,0,6
frmProducts,BaseInit,0,0,1
frmProducts,ArgList,0,0,24
frmProducts,Block,0,0,19
frmProducts,If,0,0,9
frmProducts,Eql,0,0,8
frmProducts,SingleAccess,0,0,70
frmProducts,ExpressionStat,0,0,37
frmProducts,Assign,0,0,25
frmProducts,This,0,0,4
frmProducts,Else,0,0,1
frmProducts,Try,0,0,1
frmProducts,And,0,0,1
frmProducts,NotEql,0,0,1
frmProducts,ExprMemberAccess,0,0,69
frmProducts,Call,0,0,23
frmProducts,MemberAccess,0,0,71
frmProducts,ThisMemberAccess,0,0,2
frmProducts,Catch,0,0,1
frmProducts,Arg,0,0,21
frmProducts,Method,0,0,5
frmProducts,Param,0,0,8
frmProducts,Or,0,0,1
frmProducts,Negate,0,0,3
frmProducts,Return,0,0,2
frmProducts,ExprElementAccess,0,0,4
frmProducts,IndexList,0,0,4
frmProducts,LocalVarStat,0,0,4
frmProducts,LocalVar,0,0,4
frmProducts,For,0,0,1
frmProducts,ForInit,0,0,1
frmProducts,ForExprs,0,0,1
frmProducts,LtEq,0,0,1
frmProducts,Inc,0,0,1
frmProducts,Break,0,0,7
frmProducts,Cast,0,0,1
frmProducts,Switch,0,0,1
frmProducts,SwitchSection,0,0,6
frmProducts,Case,0,0,6
frmUsersManage.Designer,CompilationUnit,0,0,1
frmUsersManage.Designer,Namespace,0,0,1
frmUsersManage.Designer,SimpleName,0,0,444
frmUsersManage.Designer,Class,0,0,1
frmUsersManage.Designer,Field,0,0,31
frmUsersManage.Designer,PPRegion,0,0,2
frmUsersManage.Designer,TypeRef,0,0,137
frmUsersManage.Designer,VarDeclarator,0,0,33
frmUsersManage.Designer,AliasTypeRef,0,0,8
frmUsersManage.Designer,Property,0,0,1
frmUsersManage.Designer,PropBody,0,0,1
frmUsersManage.Designer,Get,0,0,1
frmUsersManage.Designer,Block,0,0,7
frmUsersManage.Designer,If,0,0,1
frmUsersManage.Designer,Or,0,0,1
frmUsersManage.Designer,Eql,0,0,1
frmUsersManage.Designer,SingleAccess,0,0,140
frmUsersManage.Designer,Literal,0,0,312
frmUsersManage.Designer,ExprMemberAccess,0,0,728
frmUsersManage.Designer,MemberAccess,0,0,1118
frmUsersManage.Designer,ExpressionStat,0,0,359
frmUsersManage.Designer,Assign,0,0,322
frmUsersManage.Designer,Call,0,0,50
frmUsersManage.Designer,ArgList,0,0,145
frmUsersManage.Designer,Return,0,0,2
frmUsersManage.Designer,Set,0,0,1
frmUsersManage.Designer,PPEndRegion,0,0,2
frmUsersManage.Designer,Method,0,0,4
frmUsersManage.Designer,ParamList,0,0,4
frmUsersManage.Designer,LocalVarStat,0,0,2
frmUsersManage.Designer,LocalVar,0,0,2
frmUsersManage.Designer,VarInit,0,0,4
frmUsersManage.Designer,NewObject,0,0,95
frmUsersManage.Designer,ArrayTypeRef,0,0,3
frmUsersManage.Designer,RankSpecifier,0,0,3
frmUsersManage.Designer,NewArrayTypeArray,0,0,1
frmUsersManage.Designer,ArrayInitializer,0,0,1
frmUsersManage.Designer,DotName,0,0,306
frmUsersManage.Designer,NewNonArrayTypeArray,0,0,2
frmUsersManage.Designer,IndexList,0,0,7
frmUsersManage.Designer,AttrSection,0,0,1
frmUsersManage.Designer,Attribute,0,0,1
frmUsersManage.Designer,AttrArgList,0,0,1
frmUsersManage.Designer,ThisMemberAccess,0,0,390
frmUsersManage.Designer,This,0,0,390
frmUsersManage.Designer,Arg,0,0,208
frmUsersManage.Designer,TypeOf,0,0,1
frmUsersManage.Designer,Nested,0,0,3
frmUsersManage.Designer,Cast,0,0,6
frmUsersManage.Designer,BitOr,0,0,8
frmUsersManage.Designer,Param,0,0,1
frmUsersManage.Designer,ExprElementAccess,0,0,5
frmAdjustStockManual,CompilationUnit,0,0,1
frmAdjustStockManual,UsingNamespace,0,0,7
frmAdjustStockManual,DotName,0,0,12
frmAdjustStockManual,SimpleName,0,0,51
frmAdjustStockManual,Namespace,0,0,1
frmAdjustStockManual,Class,0,0,1
frmAdjustStockManual,TypeBase,0,0,1
frmAdjustStockManual,TypeRef,0,0,31
frmAdjustStockManual,Field,0,0,13
frmAdjustStockManual,AliasTypeRef,0,0,56
frmAdjustStockManual,VarDeclarator,0,0,35
frmAdjustStockManual,VarInit,0,0,35
frmAdjustStockManual,Literal,0,0,178
frmAdjustStockManual,Constructor,0,0,1
frmAdjustStockManual,ParamList,0,0,17
frmAdjustStockManual,BaseInit,0,0,1
frmAdjustStockManual,ArgList,0,0,111
frmAdjustStockManual,Block,0,0,69
frmAdjustStockManual,If,0,0,35
frmAdjustStockManual,Eql,0,0,20
frmAdjustStockManual,SingleAccess,0,0,362
frmAdjustStockManual,ExpressionStat,0,0,142
frmAdjustStockManual,Assign,0,0,103
frmAdjustStockManual,This,0,0,10
frmAdjustStockManual,Else,0,0,8
frmAdjustStockManual,Try,0,0,4
frmAdjustStockManual,And,0,0,3
frmAdjustStockManual,NotEql,0,0,8
frmAdjustStockManual,ExprMemberAccess,0,0,296
frmAdjustStockManual,Call,0,0,109
frmAdjustStockManual,MemberAccess,0,0,301
frmAdjustStockManual,ThisMemberAccess,0,0,5
frmAdjustStockManual,Catch,0,0,2
frmAdjustStockManual,Arg,0,0,104
frmAdjustStockManual,Method,0,0,16
frmAdjustStockManual,Param,0,0,22
frmAdjustStockManual,LocalVarStat,0,0,21
frmAdjustStockManual,LocalVar,0,0,21
frmAdjustStockManual,ExprElementAccess,0,0,41
frmAdjustStockManual,IndexList,0,0,41
frmAdjustStockManual,Minus,0,0,4
frmAdjustStockManual,Return,0,0,4
frmAdjustStockManual,Plus,0,0,29
frmAdjustStockManual,ExceptionSpec,0,0,1
frmAdjustStockManual,Cond,0,0,1
frmAdjustStockManual,Nested,0,0,13
frmAdjustStockManual,Cast,0,0,12
frmAdjustStockManual,NewObject,0,0,1
frmAdjustStockManual,Negate,0,0,1
frmAdjustStockManual,Finally,0,0,2
frmAdjustStockManual,Not,0,0,11
frmAdjustStockManual,While,0,0,2
frmAdjustStockManual,For,0,0,2
frmAdjustStockManual,ForInit,0,0,2
frmAdjustStockManual,ForExprs,0,0,2
frmAdjustStockManual,LtEq,0,0,3
frmAdjustStockManual,Inc,0,0,2
frmAdjustStockManual,Mult,0,0,4
frmAdjustStockManual,GtEq,0,0,1
frmAdjustStockManual,Or,0,0,6
frmAdjustStockManual,Switch,0,0,1
frmAdjustStockManual,SwitchSection,0,0,1
frmAdjustStockManual,Case,0,0,1
frmAdjustStockManual,Gt,0,0,1
frmAdjustStockManual,Break,0,0,1
frmProducts.Designer,CompilationUnit,0,0,1
frmProducts.Designer,Namespace,0,0,1
frmProducts.Designer,SimpleName,0,0,464
frmProducts.Designer,Class,0,0,1
frmProducts.Designer,Field,0,0,35
frmProducts.Designer,PPRegion,0,0,3
frmProducts.Designer,TypeRef,0,0,140
frmProducts.Designer,VarDeclarator,0,0,37
frmProducts.Designer,AliasTypeRef,0,0,8
frmProducts.Designer,Property,0,0,1
frmProducts.Designer,PropBody,0,0,1
frmProducts.Designer,Get,0,0,1
frmProducts.Designer,Block,0,0,8
frmProducts.Designer,If,0,0,1
frmProducts.Designer,Or,0,0,1
frmProducts.Designer,Eql,0,0,1
frmProducts.Designer,SingleAccess,0,0,173
frmProducts.Designer,Literal,0,0,335
frmProducts.Designer,ExprMemberAccess,0,0,882
frmProducts.Designer,MemberAccess,0,0,1326
frmProducts.Designer,ExpressionStat,0,0,423
frmProducts.Designer,Assign,0,0,368
frmProducts.Designer,Call,0,0,57
frmProducts.Designer,ArgList,0,0,153
frmProducts.Designer,Return,0,0,2
frmProducts.Designer,Set,0,0,1
frmProducts.Designer,PPEndRegion,0,0,3
frmProducts.Designer,Method,0,0,5
frmProducts.Designer,ParamList,0,0,5
frmProducts.Designer,LocalVarStat,0,0,2
frmProducts.Designer,LocalVar,0,0,2
frmProducts.Designer,VarInit,0,0,4
frmProducts.Designer,NewObject,0,0,96
frmProducts.Designer,ArrayTypeRef,0,0,3
frmProducts.Designer,RankSpecifier,0,0,3
frmProducts.Designer,NewArrayTypeArray,0,0,1
frmProducts.Designer,ArrayInitializer,0,0,1
frmProducts.Designer,DotName,0,0,323
frmProducts.Designer,NewNonArrayTypeArray,0,0,2
frmProducts.Designer,IndexList,0,0,9
frmProducts.Designer,AttrSection,0,0,1
frmProducts.Designer,Attribute,0,0,1
frmProducts.Designer,AttrArgList,0,0,1
frmProducts.Designer,ThisMemberAccess,0,0,444
frmProducts.Designer,This,0,0,444
frmProducts.Designer,Arg,0,0,211
frmProducts.Designer,TypeOf,0,0,1
frmProducts.Designer,Nested,0,0,2
frmProducts.Designer,Cast,0,0,3
frmProducts.Designer,Param,0,0,1
frmProducts.Designer,ExprElementAccess,0,0,7
frmLogin.Designer,CompilationUnit,0,0,1
frmLogin.Designer,Namespace,0,0,1
frmLogin.Designer,SimpleName,0,0,144
frmLogin.Designer,Class,0,0,1
frmLogin.Designer,Field,0,0,12
frmLogin.Designer,PPRegion,0,0,2
frmLogin.Designer,TypeRef,0,0,47
frmLogin.Designer,VarDeclarator,0,0,14
frmLogin.Designer,AliasTypeRef,0,0,8
frmLogin.Designer,Property,0,0,1
frmLogin.Designer,PropBody,0,0,1
frmLogin.Designer,Get,0,0,1
frmLogin.Designer,Block,0,0,7
frmLogin.Designer,If,0,0,1
frmLogin.Designer,Or,0,0,1
frmLogin.Designer,Eql,0,0,1
frmLogin.Designer,SingleAccess,0,0,46
frmLogin.Designer,Literal,0,0,83
frmLogin.Designer,ExprMemberAccess,0,0,193
frmLogin.Designer,MemberAccess,0,0,312
frmLogin.Designer,ExpressionStat,0,0,112
frmLogin.Designer,Assign,0,0,103
frmLogin.Designer,Call,0,0,11
frmLogin.Designer,ArgList,0,0,39
frmLogin.Designer,Return,0,0,2
frmLogin.Designer,Set,0,0,1
frmLogin.Designer,PPEndRegion,0,0,2
frmLogin.Designer,Method,0,0,4
frmLogin.Designer,ParamList,0,0,4
frmLogin.Designer,LocalVarStat,0,0,2
frmLogin.Designer,LocalVar,0,0,2
frmLogin.Designer,VarInit,0,0,4
frmLogin.Designer,NewObject,0,0,28
frmLogin.Designer,ArrayTypeRef,0,0,3
frmLogin.Designer,RankSpecifier,0,0,3
frmLogin.Designer,NewArrayTypeArray,0,0,1
frmLogin.Designer,ArrayInitializer,0,0,1
frmLogin.Designer,DotName,0,0,96
frmLogin.Designer,NewNonArrayTypeArray,0,0,2
frmLogin.Designer,IndexList,0,0,4
frmLogin.Designer,AttrSection,0,0,1
frmLogin.Designer,Attribute,0,0,1
frmLogin.Designer,AttrArgList,0,0,1
frmLogin.Designer,ThisMemberAccess,0,0,119
frmLogin.Designer,This,0,0,119
frmLogin.Designer,Arg,0,0,43
frmLogin.Designer,TypeOf,0,0,1
frmLogin.Designer,Cast,0,0,2
frmLogin.Designer,Param,0,0,1
frmLogin.Designer,ExprElementAccess,0,0,2
frmAddStockManual.Designer,CompilationUnit,0,0,1
frmAddStockManual.Designer,Namespace,0,0,1
frmAddStockManual.Designer,SimpleName,0,0,538
frmAddStockManual.Designer,Class,0,0,1
frmAddStockManual.Designer,Field,0,0,40
frmAddStockManual.Designer,PPRegion,0,0,2
frmAddStockManual.Designer,TypeRef,0,0,162
frmAddStockManual.Designer,VarDeclarator,0,0,42
frmAddStockManual.Designer,AliasTypeRef,0,0,7
frmAddStockManual.Designer,Property,0,0,1
frmAddStockManual.Designer,PropBody,0,0,1
frmAddStockManual.Designer,Get,0,0,1
frmAddStockManual.Designer,Block,0,0,7
frmAddStockManual.Designer,If,0,0,1
frmAddStockManual.Designer,Or,0,0,1
frmAddStockManual.Designer,Eql,0,0,1
frmAddStockManual.Designer,SingleAccess,0,0,142
frmAddStockManual.Designer,Literal,0,0,309
frmAddStockManual.Designer,ExprMemberAccess,0,0,841
frmAddStockManual.Designer,MemberAccess,0,0,1328
frmAddStockManual.Designer,ExpressionStat,0,0,438
frmAddStockManual.Designer,Assign,0,0,390
frmAddStockManual.Designer,Call,0,0,49
frmAddStockManual.Designer,ArgList,0,0,161
frmAddStockManual.Designer,Return,0,0,2
frmAddStockManual.Designer,Set,0,0,1
frmAddStockManual.Designer,PPEndRegion,0,0,2
frmAddStockManual.Designer,Method,0,0,4
frmAddStockManual.Designer,ParamList,0,0,4
frmAddStockManual.Designer,LocalVarStat,0,0,2
frmAddStockManual.Designer,LocalVar,0,0,2
frmAddStockManual.Designer,VarInit,0,0,4
frmAddStockManual.Designer,NewObject,0,0,112
frmAddStockManual.Designer,ArrayTypeRef,0,0,4
frmAddStockManual.Designer,RankSpecifier,0,0,4
frmAddStockManual.Designer,NewArrayTypeArray,0,0,2
frmAddStockManual.Designer,ArrayInitializer,0,0,2
frmAddStockManual.Designer,DotName,0,0,375
frmAddStockManual.Designer,NewNonArrayTypeArray,0,0,2
frmAddStockManual.Designer,IndexList,0,0,5
frmAddStockManual.Designer,AttrSection,0,0,1
frmAddStockManual.Designer,Attribute,0,0,1
frmAddStockManual.Designer,AttrArgList,0,0,1
frmAddStockManual.Designer,ThisMemberAccess,0,0,487
frmAddStockManual.Designer,This,0,0,487
frmAddStockManual.Designer,Arg,0,0,172
frmAddStockManual.Designer,TypeOf,0,0,1
frmAddStockManual.Designer,Nested,0,0,3
frmAddStockManual.Designer,Cast,0,0,3
frmAddStockManual.Designer,BitOr,0,0,3
frmAddStockManual.Designer,Param,0,0,1
frmAddStockManual.Designer,ExprElementAccess,0,0,3
frmLogin,CompilationUnit,0,0,1
frmLogin,UsingNamespace,0,0,4
frmLogin,SimpleName,0,0,20
frmLogin,DotName,0,0,8
frmLogin,Namespace,0,0,1
frmLogin,Class,0,0,1
frmLogin,TypeBase,0,0,1
frmLogin,TypeRef,0,0,7
frmLogin,Field,0,0,1
frmLogin,AliasTypeRef,0,0,4
frmLogin,VarDeclarator,0,0,1
frmLogin,VarInit,0,0,1
frmLogin,Literal,0,0,16
frmLogin,Constructor,0,0,1
frmLogin,ParamList,0,0,4
frmLogin,BaseInit,0,0,1
frmLogin,ArgList,0,0,19
frmLogin,Block,0,0,11
frmLogin,If,0,0,4
frmLogin,Eql,0,0,3
frmLogin,SingleAccess,0,0,38
frmLogin,ExpressionStat,0,0,17
frmLogin,Assign,0,0,8
frmLogin,This,0,0,6
frmLogin,Else,0,0,1
frmLogin,Try,0,0,1
frmLogin,And,0,0,1
frmLogin,NotEql,0,0,1
frmLogin,ExprMemberAccess,0,0,37
frmLogin,Call,0,0,18
frmLogin,MemberAccess,0,0,41
frmLogin,ThisMemberAccess,0,0,4
frmLogin,Catch,0,0,1
frmLogin,Arg,0,0,14
frmLogin,Method,0,0,3
frmLogin,Param,0,0,6
frmLogin,Plus,0,0,9
frmLogin,Return,0,0,1
frmLogin,ExprElementAccess,0,0,2
frmLogin,IndexList,0,0,2
frmLogin,Nested,0,0,1
frmAbout,CompilationUnit,0,0,1
frmAbout,UsingNamespace,0,0,3
frmAbout,SimpleName,0,0,15
frmAbout,DotName,0,0,6
frmAbout,Namespace,0,0,1
frmAbout,Class,0,0,1
frmAbout,TypeBase,0,0,1
frmAbout,TypeRef,0,0,5
frmAbout,Const,0,0,12
frmAbout,AliasTypeRef,0,0,16
frmAbout,VarDeclarator,0,0,12
frmAbout,VarInit,0,0,12
frmAbout,Literal,0,0,15
frmAbout,Plus,0,0,7
frmAbout,SingleAccess,0,0,20
frmAbout,UncheckedExpr,0,0,1
frmAbout,Cast,0,0,1
frmAbout,Constructor,0,0,1
frmAbout,ParamList,0,0,4
frmAbout,BaseInit,0,0,1
frmAbout,ArgList,0,0,11
frmAbout,Block,0,0,10
frmAbout,If,0,0,3
frmAbout,Eql,0,0,2
frmAbout,ExpressionStat,0,0,7
frmAbout,Assign,0,0,4
frmAbout,This,0,0,5
frmAbout,Else,0,0,1
frmAbout,Try,0,0,1
frmAbout,And,0,0,1
frmAbout,NotEql,0,0,1
frmAbout,ExprMemberAccess,0,0,18
frmAbout,Call,0,0,10
frmAbout,MemberAccess,0,0,21
frmAbout,ThisMemberAccess,0,0,3
frmAbout,Catch,0,0,1
frmAbout,Arg,0,0,3
frmAbout,Method,0,0,3
frmAbout,Param,0,0,4
AssemblyInfo,CompilationUnit,0,0,1
AssemblyInfo,UsingNamespace,0,0,3
AssemblyInfo,DotName,0,0,5
AssemblyInfo,SimpleName,0,0,17
AssemblyInfo,GlobalAttributes,0,0,9
AssemblyInfo,Attribute,0,0,9
AssemblyInfo,TypeRef,0,0,9
AssemblyInfo,AttrArgList,0,0,9
AssemblyInfo,AttrArg,0,0,9
AssemblyInfo,Literal,0,0,8
AssemblyInfo,ExprMemberAccess,0,0,1
AssemblyInfo,SingleAccess,0,0,1
AssemblyInfo,MemberAccess,0,0,1
frmMain,CompilationUnit,0,0,1
frmMain,UsingNamespace,0,0,3
frmMain,DotName,0,0,8
frmMain,SimpleName,0,0,37
frmMain,Namespace,0,0,1
frmMain,Class,0,0,1
frmMain,TypeBase,0,0,1
frmMain,TypeRef,0,0,25
frmMain,Constructor,0,0,1
frmMain,ParamList,0,0,14
frmMain,BaseInit,0,0,1
frmMain,ArgList,0,0,17
frmMain,Block,0,0,15
frmMain,If,0,0,1
frmMain,Eql,0,0,1
frmMain,SingleAccess,0,0,17
frmMain,Literal,0,0,1
frmMain,ExpressionStat,0,0,17
frmMain,Assign,0,0,1
frmMain,This,0,0,3
frmMain,Call,0,0,16
frmMain,Method,0,0,13
frmMain,AliasTypeRef,0,0,13
frmMain,ExprMemberAccess,0,0,28
frmMain,MemberAccess,0,0,29
frmMain,Param,0,0,24
frmMain,Arg,0,0,1
frmMain,ThisMemberAccess,0,0,1
frmOrderRequest,CompilationUnit,0,0,1
frmOrderRequest,UsingNamespace,0,0,7
frmOrderRequest,DotName,0,0,16
frmOrderRequest,SimpleName,0,0,75
frmOrderRequest,Namespace,0,0,1
frmOrderRequest,Class,0,0,1
frmOrderRequest,TypeBase,0,0,1
frmOrderRequest,TypeRef,0,0,51
frmOrderRequest,Field,0,0,10
frmOrderRequest,AliasTypeRef,0,0,85
frmOrderRequest,VarDeclarator,0,0,34
frmOrderRequest,VarInit,0,0,34
frmOrderRequest,Literal,0,0,223
frmOrderRequest,Constructor,0,0,1
frmOrderRequest,ParamList,0,0,30
frmOrderRequest,BaseInit,0,0,1
frmOrderRequest,ArgList,0,0,133
frmOrderRequest,Block,0,0,97
frmOrderRequest,If,0,0,42
frmOrderRequest,Eql,0,0,29
frmOrderRequest,SingleAccess,0,0,462
frmOrderRequest,ExpressionStat,0,0,159
frmOrderRequest,Assign,0,0,114
frmOrderRequest,This,0,0,8
frmOrderRequest,Else,0,0,14
frmOrderRequest,Try,0,0,6
frmOrderRequest,And,0,0,4
frmOrderRequest,NotEql,0,0,10
frmOrderRequest,ExprMemberAccess,0,0,345
frmOrderRequest,Call,0,0,131
frmOrderRequest,MemberAccess,0,0,344
frmOrderRequest,ThisMemberAccess,0,0,3
frmOrderRequest,Catch,0,0,2
frmOrderRequest,Arg,0,0,123
frmOrderRequest,Method,0,0,29
frmOrderRequest,Param,0,0,44
frmOrderRequest,Plus,0,0,67
frmOrderRequest,DefArg,0,0,1
frmOrderRequest,LocalVarStat,0,0,23
frmOrderRequest,LocalVar,0,0,24
frmOrderRequest,Not,0,0,12
frmOrderRequest,While,0,0,2
frmOrderRequest,ExprElementAccess,0,0,36
frmOrderRequest,IndexList,0,0,36
frmOrderRequest,Nested,0,0,25
frmOrderRequest,Minus,0,0,5
frmOrderRequest,For,0,0,3
frmOrderRequest,ForInit,0,0,3
frmOrderRequest,ForExprs,0,0,2
frmOrderRequest,LtEq,0,0,6
frmOrderRequest,Inc,0,0,4
frmOrderRequest,Cond,0,0,4
frmOrderRequest,GenericMemberAccess,0,0,4
frmOrderRequest,TypeArgList,0,0,4
frmOrderRequest,Mult,0,0,4
frmOrderRequest,ExceptionSpec,0,0,1
frmOrderRequest,Or,0,0,16
frmOrderRequest,Lt,0,0,3
frmOrderRequest,Return,0,0,5
frmOrderRequest,GtEq,0,0,3
frmOrderRequest,Finally,0,0,4
frmOrderRequest,Cast,0,0,22
frmOrderRequest,NewObject,0,0,1
frmOrderRequest,Negate,0,0,1
frmAbout.Designer,CompilationUnit,0,0,1
frmAbout.Designer,Namespace,0,0,1
frmAbout.Designer,SimpleName,0,0,173
frmAbout.Designer,Class,0,0,1
frmAbout.Designer,Field,0,0,14
frmAbout.Designer,PPRegion,0,0,2
frmAbout.Designer,TypeRef,0,0,55
frmAbout.Designer,VarDeclarator,0,0,16
frmAbout.Designer,AliasTypeRef,0,0,7
frmAbout.Designer,Property,0,0,1
frmAbout.Designer,PropBody,0,0,1
frmAbout.Designer,Get,0,0,1
frmAbout.Designer,Block,0,0,7
frmAbout.Designer,If,0,0,1
frmAbout.Designer,Or,0,0,1
frmAbout.Designer,Eql,0,0,1
frmAbout.Designer,SingleAccess,0,0,49
frmAbout.Designer,Literal,0,0,107
frmAbout.Designer,ExprMemberAccess,0,0,216
frmAbout.Designer,MemberAccess,0,0,354
frmAbout.Designer,ExpressionStat,0,0,131
frmAbout.Designer,Assign,0,0,119
frmAbout.Designer,Call,0,0,14
frmAbout.Designer,ArgList,0,0,48
frmAbout.Designer,Return,0,0,2
frmAbout.Designer,Set,0,0,1
frmAbout.Designer,PPEndRegion,0,0,2
frmAbout.Designer,Method,0,0,4
frmAbout.Designer,ParamList,0,0,4
frmAbout.Designer,LocalVarStat,0,0,2
frmAbout.Designer,LocalVar,0,0,2
frmAbout.Designer,VarInit,0,0,4
frmAbout.Designer,NewObject,0,0,34
frmAbout.Designer,ArrayTypeRef,0,0,3
frmAbout.Designer,RankSpecifier,0,0,3
frmAbout.Designer,NewArrayTypeArray,0,0,1
frmAbout.Designer,ArrayInitializer,0,0,1
frmAbout.Designer,DotName,0,0,117
frmAbout.Designer,NewNonArrayTypeArray,0,0,2
frmAbout.Designer,IndexList,0,0,4
frmAbout.Designer,AttrSection,0,0,1
frmAbout.Designer,Attribute,0,0,1
frmAbout.Designer,AttrArgList,0,0,1
frmAbout.Designer,ThisMemberAccess,0,0,138
frmAbout.Designer,This,0,0,138
frmAbout.Designer,Arg,0,0,57
frmAbout.Designer,TypeOf,0,0,1
frmAbout.Designer,Cast,0,0,1
frmAbout.Designer,BitOr,0,0,1
frmAbout.Designer,Param,0,0,1
frmAbout.Designer,ExprElementAccess,0,0,2
frmMain.Designer,CompilationUnit,0,0,1
frmMain.Designer,Namespace,0,0,1
frmMain.Designer,SimpleName,0,0,319
frmMain.Designer,Class,0,0,1
frmMain.Designer,Field,0,0,28
frmMain.Designer,PPRegion,0,0,2
frmMain.Designer,TypeRef,0,0,93
frmMain.Designer,VarDeclarator,0,0,30
frmMain.Designer,AliasTypeRef,0,0,4
frmMain.Designer,Property,0,0,1
frmMain.Designer,PropBody,0,0,1
frmMain.Designer,Get,0,0,1
frmMain.Designer,Block,0,0,5
frmMain.Designer,If,0,0,1
frmMain.Designer,Or,0,0,1
frmMain.Designer,Eql,0,0,1
frmMain.Designer,SingleAccess,0,0,43
frmMain.Designer,Literal,0,0,153
frmMain.Designer,ExprMemberAccess,0,0,283
frmMain.Designer,MemberAccess,0,0,508
frmMain.Designer,ExpressionStat,0,0,195
frmMain.Designer,Assign,0,0,179
frmMain.Designer,Call,0,0,17
frmMain.Designer,ArgList,0,0,66
frmMain.Designer,Return,0,0,2
frmMain.Designer,Set,0,0,1
frmMain.Designer,PPEndRegion,0,0,2
frmMain.Designer,Method,0,0,2
frmMain.Designer,ParamList,0,0,2
frmMain.Designer,LocalVarStat,0,0,2
frmMain.Designer,LocalVar,0,0,2
frmMain.Designer,VarInit,0,0,3
frmMain.Designer,NewObject,0,0,49
frmMain.Designer,ArrayTypeRef,0,0,11
frmMain.Designer,RankSpecifier,0,0,11
frmMain.Designer,NewArrayTypeArray,0,0,10
frmMain.Designer,ArrayInitializer,0,0,10
frmMain.Designer,DotName,0,0,225
frmMain.Designer,AttrSection,0,0,1
frmMain.Designer,Attribute,0,0,1
frmMain.Designer,AttrArgList,0,0,1
frmMain.Designer,ThisMemberAccess,0,0,225
frmMain.Designer,This,0,0,225
frmMain.Designer,Arg,0,0,44
frmMain.Designer,TypeOf,0,0,1
frmMain.Designer,Cast,0,0,3
frmMain.Designer,Nested,0,0,3
frmMain.Designer,BitOr,0,0,9
frmAdjustStockManual.Designer,CompilationUnit,0,0,1
frmAdjustStockManual.Designer,Namespace,0,0,1
frmAdjustStockManual.Designer,SimpleName,0,0,700
frmAdjustStockManual.Designer,Class,0,0,1
frmAdjustStockManual.Designer,Field,0,0,56
frmAdjustStockManual.Designer,PPRegion,0,0,2
frmAdjustStockManual.Designer,TypeRef,0,0,204
frmAdjustStockManual.Designer,VarDeclarator,0,0,58
frmAdjustStockManual.Designer,AliasTypeRef,0,0,7
frmAdjustStockManual.Designer,Property,0,0,1
frmAdjustStockManual.Designer,PropBody,0,0,1
frmAdjustStockManual.Designer,Get,0,0,1
frmAdjustStockManual.Designer,Block,0,0,7
frmAdjustStockManual.Designer,If,0,0,1
frmAdjustStockManual.Designer,Or,0,0,1
frmAdjustStockManual.Designer,Eql,0,0,1
frmAdjustStockManual.Designer,SingleAccess,0,0,180
frmAdjustStockManual.Designer,Literal,0,0,419
frmAdjustStockManual.Designer,ExprMemberAccess,0,0,1124
frmAdjustStockManual.Designer,MemberAccess,0,0,1769
frmAdjustStockManual.Designer,ExpressionStat,0,0,583
frmAdjustStockManual.Designer,Assign,0,0,514
frmAdjustStockManual.Designer,Call,0,0,70
frmAdjustStockManual.Designer,ArgList,0,0,208
frmAdjustStockManual.Designer,Return,0,0,2
frmAdjustStockManual.Designer,Set,0,0,1
frmAdjustStockManual.Designer,PPEndRegion,0,0,2
frmAdjustStockManual.Designer,Method,0,0,4
frmAdjustStockManual.Designer,ParamList,0,0,4
frmAdjustStockManual.Designer,LocalVarStat,0,0,2
frmAdjustStockManual.Designer,LocalVar,0,0,2
frmAdjustStockManual.Designer,VarInit,0,0,4
frmAdjustStockManual.Designer,NewObject,0,0,138
frmAdjustStockManual.Designer,ArrayTypeRef,0,0,4
frmAdjustStockManual.Designer,RankSpecifier,0,0,4
frmAdjustStockManual.Designer,NewArrayTypeArray,0,0,2
frmAdjustStockManual.Designer,ArrayInitializer,0,0,2
frmAdjustStockManual.Designer,DotName,0,0,495
frmAdjustStockManual.Designer,NewNonArrayTypeArray,0,0,2
frmAdjustStockManual.Designer,IndexList,0,0,4
frmAdjustStockManual.Designer,AttrSection,0,0,1
frmAdjustStockManual.Designer,Attribute,0,0,1
frmAdjustStockManual.Designer,AttrArgList,0,0,1
frmAdjustStockManual.Designer,ThisMemberAccess,0,0,645
frmAdjustStockManual.Designer,This,0,0,645
frmAdjustStockManual.Designer,Arg,0,0,220
frmAdjustStockManual.Designer,TypeOf,0,0,1
frmAdjustStockManual.Designer,Nested,0,0,3
frmAdjustStockManual.Designer,Cast,0,0,3
frmAdjustStockManual.Designer,BitOr,0,0,3
frmAdjustStockManual.Designer,Param,0,0,1
frmAdjustStockManual.Designer,ExprElementAccess,0,0,2
frmOrderRequest.Designer,CompilationUnit,0,0,1
frmOrderRequest.Designer,Namespace,0,0,1
frmOrderRequest.Designer,SimpleName,0,0,664
frmOrderRequest.Designer,Class,0,0,1
frmOrderRequest.Designer,Field,0,0,49
frmOrderRequest.Designer,PPRegion,0,0,2
frmOrderRequest.Designer,TypeRef,0,0,199
frmOrderRequest.Designer,VarDeclarator,0,0,51
frmOrderRequest.Designer,AliasTypeRef,0,0,6
frmOrderRequest.Designer,Property,0,0,1
frmOrderRequest.Designer,PropBody,0,0,1
frmOrderRequest.Designer,Get,0,0,1
frmOrderRequest.Designer,Block,0,0,6
frmOrderRequest.Designer,If,0,0,1
frmOrderRequest.Designer,Or,0,0,1
frmOrderRequest.Designer,Eql,0,0,1
frmOrderRequest.Designer,SingleAccess,0,0,169
frmOrderRequest.Designer,Literal,0,0,412
frmOrderRequest.Designer,ExprMemberAccess,0,0,1079
frmOrderRequest.Designer,MemberAccess,0,0,1704
frmOrderRequest.Designer,ExpressionStat,0,0,564
frmOrderRequest.Designer,Assign,0,0,505
frmOrderRequest.Designer,Call,0,0,60
frmOrderRequest.Designer,ArgList,0,0,202
frmOrderRequest.Designer,Return,0,0,2
frmOrderRequest.Designer,Set,0,0,1
frmOrderRequest.Designer,PPEndRegion,0,0,2
frmOrderRequest.Designer,Method,0,0,3
frmOrderRequest.Designer,ParamList,0,0,3
frmOrderRequest.Designer,LocalVarStat,0,0,2
frmOrderRequest.Designer,LocalVar,0,0,2
frmOrderRequest.Designer,VarInit,0,0,3
frmOrderRequest.Designer,NewObject,0,0,142
frmOrderRequest.Designer,ArrayTypeRef,0,0,3
frmOrderRequest.Designer,RankSpecifier,0,0,3
frmOrderRequest.Designer,NewArrayTypeArray,0,0,2
frmOrderRequest.Designer,ArrayInitializer,0,0,2
frmOrderRequest.Designer,DotName,0,0,464
frmOrderRequest.Designer,AttrSection,0,0,1
frmOrderRequest.Designer,Attribute,0,0,1
frmOrderRequest.Designer,AttrArgList,0,0,1
frmOrderRequest.Designer,ThisMemberAccess,0,0,625
frmOrderRequest.Designer,This,0,0,625
frmOrderRequest.Designer,Arg,0,0,224
frmOrderRequest.Designer,TypeOf,0,0,1
frmOrderRequest.Designer,Nested,0,0,3
frmOrderRequest.Designer,Cast,0,0,3
frmOrderRequest.Designer,BitOr,0,0,3
frmOrderRequest.Designer,Param,0,0,1
frmCustomers.Designer,CompilationUnit,0,0,1
frmCustomers.Designer,Namespace,0,0,1
frmCustomers.Designer,SimpleName,0,0,658
frmCustomers.Designer,Class,0,0,1
frmCustomers.Designer,Field,0,0,47
frmCustomers.Designer,PPRegion,0,0,3
frmCustomers.Designer,TypeRef,0,0,201
frmCustomers.Designer,VarDeclarator,0,0,49
frmCustomers.Designer,AliasTypeRef,0,0,8
frmCustomers.Designer,Property,0,0,1
frmCustomers.Designer,PropBody,0,0,1
frmCustomers.Designer,Get,0,0,1
frmCustomers.Designer,Block,0,0,8
frmCustomers.Designer,If,0,0,1
frmCustomers.Designer,Or,0,0,1
frmCustomers.Designer,Eql,0,0,1
frmCustomers.Designer,SingleAccess,0,0,250
frmCustomers.Designer,Literal,0,0,469
frmCustomers.Designer,ExprMemberAccess,0,0,1262
frmCustomers.Designer,MemberAccess,0,0,1900
frmCustomers.Designer,ExpressionStat,0,0,598
frmCustomers.Designer,Assign,0,0,523
frmCustomers.Designer,Call,0,0,77
frmCustomers.Designer,ArgList,0,0,222
frmCustomers.Designer,Return,0,0,2
frmCustomers.Designer,Set,0,0,1
frmCustomers.Designer,PPEndRegion,0,0,3
frmCustomers.Designer,Method,0,0,5
frmCustomers.Designer,ParamList,0,0,5
frmCustomers.Designer,LocalVarStat,0,0,2
frmCustomers.Designer,LocalVar,0,0,2
frmCustomers.Designer,VarInit,0,0,4
frmCustomers.Designer,NewObject,0,0,145
frmCustomers.Designer,ArrayTypeRef,0,0,3
frmCustomers.Designer,RankSpecifier,0,0,3
frmCustomers.Designer,NewArrayTypeArray,0,0,1
frmCustomers.Designer,ArrayInitializer,0,0,1
frmCustomers.Designer,DotName,0,0,456
frmCustomers.Designer,NewNonArrayTypeArray,0,0,2
frmCustomers.Designer,IndexList,0,0,17
frmCustomers.Designer,AttrSection,0,0,1
frmCustomers.Designer,Attribute,0,0,1
frmCustomers.Designer,AttrArgList,0,0,1
frmCustomers.Designer,ThisMemberAccess,0,0,638
frmCustomers.Designer,This,0,0,638
frmCustomers.Designer,Arg,0,0,315
frmCustomers.Designer,TypeOf,0,0,1
frmCustomers.Designer,Nested,0,0,2
frmCustomers.Designer,Cast,0,0,3
frmCustomers.Designer,Param,0,0,1
frmCustomers.Designer,ExprElementAccess,0,0,15
frmProviders.Designer,CompilationUnit,0,0,1
frmProviders.Designer,Namespace,0,0,1
frmProviders.Designer,SimpleName,0,0,628
frmProviders.Designer,Class,0,0,1
frmProviders.Designer,Field,0,0,45
frmProviders.Designer,PPRegion,0,0,3
frmProviders.Designer,TypeRef,0,0,192
frmProviders.Designer,VarDeclarator,0,0,47
frmProviders.Designer,AliasTypeRef,0,0,8
frmProviders.Designer,Property,0,0,1
frmProviders.Designer,PropBody,0,0,1
frmProviders.Designer,Get,0,0,1
frmProviders.Designer,Block,0,0,8
frmProviders.Designer,If,0,0,1
frmProviders.Designer,Or,0,0,1
frmProviders.Designer,Eql,0,0,1
frmProviders.Designer,SingleAccess,0,0,237
frmProviders.Designer,Literal,0,0,447
frmProviders.Designer,ExprMemberAccess,0,0,1198
frmProviders.Designer,MemberAccess,0,0,1806
frmProviders.Designer,ExpressionStat,0,0,570
frmProviders.Designer,Assign,0,0,498
frmProviders.Designer,Call,0,0,74
frmProviders.Designer,ArgList,0,0,212
frmProviders.Designer,Return,0,0,2
frmProviders.Designer,Set,0,0,1
frmProviders.Designer,PPEndRegion,0,0,3
frmProviders.Designer,Method,0,0,5
frmProviders.Designer,ParamList,0,0,5
frmProviders.Designer,LocalVarStat,0,0,2
frmProviders.Designer,LocalVar,0,0,2
frmProviders.Designer,VarInit,0,0,4
frmProviders.Designer,NewObject,0,0,138
frmProviders.Designer,ArrayTypeRef,0,0,3
frmProviders.Designer,RankSpecifier,0,0,3
frmProviders.Designer,NewArrayTypeArray,0,0,1
frmProviders.Designer,ArrayInitializer,0,0,1
frmProviders.Designer,DotName,0,0,435
frmProviders.Designer,NewNonArrayTypeArray,0,0,2
frmProviders.Designer,IndexList,0,0,16
frmProviders.Designer,AttrSection,0,0,1
frmProviders.Designer,Attribute,0,0,1
frmProviders.Designer,AttrArgList,0,0,1
frmProviders.Designer,ThisMemberAccess,0,0,608
frmProviders.Designer,This,0,0,608
frmProviders.Designer,Arg,0,0,299
frmProviders.Designer,TypeOf,0,0,1
frmProviders.Designer,Nested,0,0,2
frmProviders.Designer,Cast,0,0,3
frmProviders.Designer,Param,0,0,1
frmProviders.Designer,ExprElementAccess,0,0,14
